hyperparameters,accuracy_score,f1_score
"['nndsvda', 'mu', 'kullback-leibler', 1, 0.1, 0]",0.9362416107382551,0.9362200840662418
"['nndsvda', 'mu', 'kullback-leibler', 0.1, 1, 0]",0.934228187919463,0.934035745554995
"['nndsvdar', 'mu', 'kullback-leibler', 1, 0.1, 0]",0.9295302013422819,0.9292014998487326
"['nndsvdar', 'mu', 'kullback-leibler', 0, 1, 0]",0.9288590604026845,0.9280451452769346
"['nndsvdar', 'mu', 'kullback-leibler', 0, 1, 0.5]",0.9288590604026845,0.928270409235671
"['nndsvdar', 'mu', 'kullback-leibler', 0, 0.1, 0.25]",0.9288590604026845,0.9282658504296362
"['nndsvdar', 'mu', 'kullback-leibler', 0, 0.1, 0.5]",0.9288590604026845,0.928270409235671
"['nndsvdar', 'mu', 'kullback-leibler', 0.01, 0.01, 0]",0.9288590604026845,0.9279298284322419
"['nndsvdar', 'mu', 'kullback-leibler', 0.01, 'same', 0]",0.9288590604026845,0.9279298284322419
"['nndsvdar', 'mu', 'kullback-leibler', 0, 0.1, 0.75]",0.9288590604026845,0.928270409235671
"['nndsvdar', 'mu', 'kullback-leibler', 0.01, 0.001, 0]",0.9288590604026845,0.9281613584521766
"['nndsvdar', 'mu', 'kullback-leibler', 0, 0.1, 1]",0.9288590604026845,0.928270409235671
"['nndsvdar', 'mu', 'kullback-leibler', 0, 1, 0.25]",0.9288590604026845,0.928270409235671
"['nndsvda', 'mu', 'kullback-leibler', 0, 0.1, 0.75]",0.9288590604026845,0.9282612539357927
"['nndsvda', 'mu', 'kullback-leibler', 0, 0.1, 1]",0.9288590604026845,0.9282612539357927
"['nndsvda', 'mu', 'kullback-leibler', 0, 1, 0.25]",0.9281879194630872,0.9275972695182954
"['nndsvdar', 'mu', 'kullback-leibler', 0, 0.01, 0.25]",0.9281879194630872,0.9274848571876955
"['nndsvdar', 'mu', 'kullback-leibler', 0.1, 1, 0]",0.9281879194630872,0.9276683853335725
"['nndsvdar', 'mu', 'kullback-leibler', 0.01, 0.1, 0]",0.9281879194630872,0.9271724511751117
"['nndsvdar', 'mu', 'kullback-leibler', 0, 0.01, 0.5]",0.9281879194630872,0.9275471703670373
"['nndsvda', 'mu', 'kullback-leibler', 0.01, 'same', 0]",0.9281879194630872,0.9272711920111463
"['nndsvda', 'mu', 'kullback-leibler', 0, 1, 0.5]",0.9281879194630872,0.9275972695182954
"['nndsvda', 'mu', 'kullback-leibler', 0, 1, 0.75]",0.9281879194630872,0.9275972695182954
"['nndsvda', 'mu', 'kullback-leibler', 0, 1, 1]",0.9281879194630872,0.9275972695182954
"['nndsvdar', 'mu', 'kullback-leibler', 0, 1, 1]",0.9281879194630872,0.9275993653863489
"['nndsvdar', 'mu', 'kullback-leibler', 0, 1, 0.75]",0.9281879194630872,0.9275993653863489
"['nndsvda', 'mu', 'kullback-leibler', 0.01, 0.01, 0]",0.9281879194630872,0.9272711920111463
"['nndsvda', 'mu', 'kullback-leibler', 0.1, 0.0001, 0]",0.9275167785234899,0.9266126293675601
"['nndsvda', 'mu', 'kullback-leibler', 0, 0.1, 0.25]",0.9275167785234899,0.9268346093560909
"['nndsvdar', 'mu', 'kullback-leibler', 0, 0.001, 0.75]",0.9275167785234899,0.9267437556262613
"['nndsvdar', 'mu', 'kullback-leibler', 0, 0.001, 1]",0.9275167785234899,0.9267957285702022
"['nndsvdar', 'mu', 'kullback-leibler', 0, 0.01, 0.75]",0.9275167785234899,0.9268683669466492
"['nndsvda', 'mu', 'kullback-leibler', 0, 0.1, 0.5]",0.9275167785234899,0.9268346093560909
"['nndsvdar', 'mu', 'kullback-leibler', 0, 0.01, 1]",0.9275167785234899,0.9268741132663044
"['nndsvdar', 'mu', 'kullback-leibler', 0, 0.1, 0]",0.9275167785234899,0.9267536760068097
"['nndsvda', 'mu', 'kullback-leibler', 0.01, 1, 0]",0.9275167785234899,0.9266530281887628
"['nndsvda', 'mu', 'kullback-leibler', 0.1, 0.001, 0]",0.9275167785234899,0.9266470771973027
"['nndsvda', 'mu', 'kullback-leibler', 0.1, 0.1, 0]",0.9268456375838926,0.9260629777273028
"['nndsvda', 'mu', 'kullback-leibler', 0, 0.01, 1]",0.9268456375838926,0.9260930763383931
"['nndsvda', 'mu', 'kullback-leibler', 0, 0.01, 0.75]",0.9268456375838926,0.9260930763383931
"['nndsvda', 'mu', 'kullback-leibler', 0, 0.01, 0.5]",0.9268456375838926,0.9260930763383931
"['nndsvda', 'mu', 'kullback-leibler', 0, 0.01, 0.25]",0.9268456375838926,0.9260503447835826
"['nndsvda', 'mu', 'kullback-leibler', 0, 0.001, 1]",0.9268456375838926,0.9260351116919224
"['nndsvda', 'mu', 'kullback-leibler', 0.1, 'same', 0]",0.9268456375838926,0.9260629777273028
"['nndsvdar', 'mu', 'kullback-leibler', 0.0001, 0.01, 0]",0.9268456375838926,0.9260908303695753
"['nndsvdar', 'mu', 'kullback-leibler', 1, 0.01, 0]",0.9268456375838926,0.9260499741523438
"['nndsvdar', 'mu', 'kullback-leibler', 0.001, 'same', 0]",0.9268456375838926,0.926059225223281
"['nndsvdar', 'mu', 'kullback-leibler', 0.001, 0.01, 0]",0.9268456375838926,0.9260898300774255
"['nndsvdar', 'mu', 'kullback-leibler', 0.001, 0.001, 0]",0.9268456375838926,0.926059225223281
"['nndsvdar', 'mu', 'kullback-leibler', 0.1, 0.0001, 0]",0.9261744966442953,0.925137910622948
"['nndsvdar', 'mu', 'kullback-leibler', 0.001, 1, 0]",0.9261744966442953,0.9251304981899899
"['nndsvdar', 'mu', 'kullback-leibler', 0.1, 0.001, 0]",0.9261744966442953,0.925137910622948
"['nndsvdar', 'mu', 'kullback-leibler', 0.0001, 0.1, 0]",0.9261744966442953,0.925400152636299
"['nndsvda', 'mu', 'kullback-leibler', 0.01, 0.1, 0]",0.9261744966442953,0.9251220357495462
"['nndsvdar', 'mu', 'kullback-leibler', 0.01, 1, 0]",0.9261744966442953,0.9251657072393923
"['nndsvdar', 'mu', 'kullback-leibler', 0, 0.001, 0.5]",0.9261744966442953,0.9253622441888372
"['nndsvda', 'mu', 'kullback-leibler', 0.01, 0.001, 0]",0.9261744966442953,0.9253208967405322
"['nndsvdar', 'mu', 'kullback-leibler', 0, 0.01, 0]",0.9261744966442953,0.9252723086532602
"['nndsvda', 'mu', 'kullback-leibler', 1, 0.0001, 0]",0.925503355704698,0.9247574107110754
"['nndsvdar', 'mu', 'kullback-leibler', 0.0001, 1, 0]",0.925503355704698,0.9245538312335854
"['nndsvda', 'mu', 'kullback-leibler', 1, 0, 0]",0.925503355704698,0.9248141813791401
"['nndsvdar', 'mu', 'kullback-leibler', 0.01, 0.0001, 0]",0.925503355704698,0.9246235750596383
"['nndsvdar', 'mu', 'kullback-leibler', 0.1, 0.01, 0]",0.925503355704698,0.9244413027972656
"['nndsvdar', 'mu', 'kullback-leibler', 1, 0.001, 0]",0.925503355704698,0.9244413027972656
"['nndsvda', 'mu', 'kullback-leibler', 0, 0.1, 0]",0.9248322147651007,0.9239213115955854
"['nndsvdar', 'mu', 'kullback-leibler', 0.1, 0.1, 0]",0.9248322147651007,0.9238761731739399
"['nndsvda', 'mu', 'kullback-leibler', 0.1, 0.01, 0]",0.9248322147651007,0.9238326315906704
"['nndsvdar', 'mu', 'kullback-leibler', 0.0001, 0.001, 0.25]",0.9248322147651007,0.9239333109257445
"['nndsvda', 'mu', 'kullback-leibler', 0.001, 0.01, 0]",0.9248322147651007,0.9240000125230202
"['nndsvdar', 'mu', 'kullback-leibler', 0.001, 0.1, 0]",0.9248322147651007,0.923816590046687
"['nndsvda', 'mu', 'kullback-leibler', 1, 0.01, 0]",0.9248322147651007,0.9242857766141486
"['nndsvda', 'mu', 'kullback-leibler', 0, 1, 0]",0.9248322147651007,0.9239703449536947
"['nndsvda', 'mu', 'kullback-leibler', 1, 0.001, 0]",0.9248322147651007,0.9239719619933491
"['nndsvdar', 'mu', 'kullback-leibler', 1, 0.0001, 0]",0.9248322147651007,0.9240496079588107
"['nndsvdar', 'mu', 'kullback-leibler', 0.1, 'same', 0]",0.9248322147651007,0.9238761731739399
"['nndsvda', 'mu', 'kullback-leibler', 0, 0.001, 0.75]",0.9248322147651007,0.9239919431274558
"['nndsvda', 'mu', 'kullback-leibler', 0.1, 0, 0]",0.9241610738255034,0.9230921226273135
"['nndsvdar', 'mu', 'kullback-leibler', 0.0001, 0.001, 0.75]",0.9241610738255034,0.9232705942340299
"['nndsvdar', 'mu', 'kullback-leibler', 0.001, 0.0001, 0]",0.9241610738255034,0.9232762883197699
"['nndsvdar', 'mu', 'kullback-leibler', 1, 0, 0]",0.9241610738255034,0.92337566448817
"['nndsvda', 'mu', 'kullback-leibler', 0.0001, 0.01, 0]",0.9241610738255034,0.9233083958580123
"['nndsvda', 'mu', 'kullback-leibler', 0.01, 0.0001, 0]",0.9241610738255034,0.9230998304408531
"['nndsvdar', 'mu', 'kullback-leibler', 0, 0.001, 0.25]",0.9241610738255034,0.9231809261076408
"['nndsvda', 'mu', 'kullback-leibler', 0, 0.01, 0]",0.9241610738255034,0.9231803919327685
"['nndsvdar', 'mu', 'kullback-leibler', 0.0001, 'same', 1]",0.9234899328859061,0.9225770798715001
"['nndsvdar', 'cd', 'frobenius', 0.0001, 0, 0.25]",0.9234899328859061,0.9233103945205497
"['nndsvda', 'mu', 'kullback-leibler', 0, 0.001, 0.5]",0.9234899328859061,0.9225542878675571
"['nndsvda', 'mu', 'kullback-leibler', 0.001, 0.1, 0]",0.9234899328859061,0.9226163195026675
"['nndsvdar', 'mu', 'kullback-leibler', 0.0001, 0.001, 0.5]",0.9234899328859061,0.9225770798715001
"['nndsvdar', 'mu', 'kullback-leibler', 0.01, 0, 0]",0.9234899328859061,0.9226661637527435
"['nndsvda', 'mu', 'kullback-leibler', 0.0001, 0.1, 0]",0.9234899328859061,0.9226163195026675
"['nndsvdar', 'mu', 'kullback-leibler', 0.0001, 0.0001, 0.75]",0.9234899328859061,0.9225770798715001
"['nndsvdar', 'mu', 'kullback-leibler', 0.0001, 'same', 0.75]",0.9234899328859061,0.9225770798715001
"['nndsvdar', 'mu', 'kullback-leibler', 0.1, 0, 0]",0.9234899328859061,0.9225351667010392
"['nndsvdar', 'mu', 'kullback-leibler', 0.0001, 0.0001, 1]",0.9234899328859061,0.9225770798715001
"['nndsvdar', 'mu', 'kullback-leibler', 0.0001, 0.001, 0]",0.9234899328859061,0.9224954434838383
"['nndsvdar', 'mu', 'kullback-leibler', 0.001, 'same', 0.25]",0.9228187919463087,0.9219309570871013
"['nndsvdar', 'mu', 'kullback-leibler', 0, 0.001, 0]",0.9228187919463087,0.921748635324955
"['nndsvdar', 'mu', 'kullback-leibler', 0.001, 0.001, 0.25]",0.9228187919463087,0.9219309570871013
"['nndsvdar', 'mu', 'kullback-leibler', 0.001, 0, 0]",0.9228187919463087,0.9219724087647817
"['nndsvdar', 'mu', 'kullback-leibler', 0.0001, 0.01, 0.25]",0.9228187919463087,0.9219243826112955
"['nndsvdar', 'mu', 'kullback-leibler', 0, 0.0001, 1]",0.9228187919463087,0.921748635324955
"['nndsvdar', 'mu', 'kullback-leibler', 0.0001, 0.0001, 0.5]",0.9221476510067114,0.9210769660587955
"['nndsvdar', 'mu', 'kullback-leibler', 0.001, 0.0001, 0.25]",0.9221476510067114,0.9212313505801987
"['nndsvda', 'mu', 'kullback-leibler', 0, 0.001, 0.25]",0.9221476510067114,0.9211463564386602
"['nndsvdar', 'mu', 'kullback-leibler', 0.001, 0.0001, 0.75]",0.9221476510067114,0.9211760721661981
"['nndsvdar', 'mu', 'kullback-leibler', 0, 0.0001, 0.25]",0.9221476510067114,0.9210228423505127
"['nndsvda', 'mu', 'kullback-leibler', 0.0001, 1, 0]",0.9221476510067114,0.9213128297250315
"['nndsvda', 'mu', 'kullback-leibler', 0.0001, 0.1, 0.25]",0.9221476510067114,0.9211290931118408
"['nndsvdar', 'mu', 'kullback-leibler', 0, 0.0001, 0.75]",0.9221476510067114,0.9210517298113784
"['nndsvdar', 'mu', 'kullback-leibler', 0.0001, 'same', 0.5]",0.9221476510067114,0.9210769660587955
"['nndsvda', 'mu', 'kullback-leibler', 0.001, 1, 0]",0.9214765100671141,0.9206207328447532
"['nndsvdar', 'mu', 'kullback-leibler', 0.01, 0.0001, 0.25]",0.9214765100671141,0.9204340658837611
"['nndsvdar', 'mu', 'kullback-leibler', 0.0001, 'same', 0.25]",0.9214765100671141,0.9203873522888
"['nndsvdar', 'mu', 'kullback-leibler', 0.01, 0, 0.25]",0.9214765100671141,0.9206487266414982
"['nndsvdar', 'mu', 'kullback-leibler', 0.0001, 0.001, 1]",0.9214765100671141,0.9205443970159465
"['nndsvdar', 'mu', 'kullback-leibler', 0.0001, 0.0001, 0.25]",0.9214765100671141,0.9203873522888
"['nndsvdar', 'mu', 'kullback-leibler', 0, 'same', 1]",0.9214765100671141,0.9202690519053357
"['nndsvdar', 'mu', 'kullback-leibler', 0, 'same', 0.75]",0.9214765100671141,0.9202690519053357
"['nndsvdar', 'mu', 'kullback-leibler', 0.001, 0.0001, 0.5]",0.9214765100671141,0.9204274914079555
"['nndsvdar', 'mu', 'kullback-leibler', 0, 0, 1]",0.9214765100671141,0.9202690519053357
"['nndsvdar', 'mu', 'kullback-leibler', 0, 0.0001, 0.5]",0.9214765100671141,0.920354296405996
"['nndsvda', 'mu', 'kullback-leibler', 0.0001, 0.001, 0.25]",0.9214765100671141,0.9203933237962141
"['nndsvdar', 'mu', 'kullback-leibler', 0, 0, 0]",0.9214765100671141,0.9202690519053357
"['nndsvdar', 'mu', 'kullback-leibler', 0, 'same', 0]",0.9214765100671141,0.9202690519053357
"['nndsvdar', 'mu', 'kullback-leibler', 0, 0, 0.25]",0.9214765100671141,0.9202690519053357
"['nndsvdar', 'mu', 'kullback-leibler', 0, 0, 0.5]",0.9214765100671141,0.9202690519053357
"['nndsvdar', 'mu', 'kullback-leibler', 0, 0.0001, 0]",0.9214765100671141,0.9202690519053357
"['nndsvdar', 'mu', 'kullback-leibler', 0, 0, 0.75]",0.9214765100671141,0.9202690519053357
"['nndsvdar', 'mu', 'kullback-leibler', 0, 'same', 0.25]",0.9214765100671141,0.9202690519053357
"['nndsvdar', 'mu', 'kullback-leibler', 0, 'same', 0.5]",0.9214765100671141,0.9202690519053357
"['nndsvdar', 'mu', 'kullback-leibler', 0.0001, 0, 0.25]",0.9208053691275168,0.9196904199871621
"['nndsvdar', 'mu', 'kullback-leibler', 0.0001, 'same', 0]",0.9208053691275168,0.9196006919632459
"['nndsvdar', 'mu', 'kullback-leibler', 0.1, 0, 0.25]",0.9208053691275168,0.9199632648186259
"['nndsvdar', 'mu', 'kullback-leibler', 0.0001, 0.0001, 0]",0.9208053691275168,0.9196006919632459
"['nndsvdar', 'mu', 'kullback-leibler', 0.0001, 0, 0.75]",0.9208053691275168,0.9196883212255763
"['nndsvda', 'mu', 'kullback-leibler', 0.001, 'same', 0]",0.9208053691275168,0.9196463524707978
"['nndsvda', 'mu', 'kullback-leibler', 0.0001, 0.001, 1]",0.9208053691275168,0.9195652280034944
"['nndsvda', 'mu', 'kullback-leibler', 0.001, 0.001, 0]",0.9208053691275168,0.9196463524707978
"['nndsvdar', 'mu', 'kullback-leibler', 0.0001, 0, 0.5]",0.9208053691275168,0.9196826271398365
"['nndsvda', 'mu', 'kullback-leibler', 0.01, 0, 0]",0.9208053691275168,0.9197207220044767
"['nndsvdar', 'mu', 'kullback-leibler', 0.01, 0, 1]",0.9208053691275168,0.9199632648186259
"['nndsvdar', 'mu', 'kullback-leibler', 0.01, 0, 0.75]",0.9208053691275168,0.9199632648186259
"['nndsvdar', 'mu', 'kullback-leibler', 0.0001, 0, 0]",0.9208053691275168,0.9196006919632459
"['nndsvda', 'mu', 'kullback-leibler', 0.001, 0.0001, 0.75]",0.9208053691275168,0.9195652280034944
"['nndsvda', 'mu', 'kullback-leibler', 0.001, 0.0001, 1]",0.9208053691275168,0.9197103477098829
"['nndsvdar', 'mu', 'kullback-leibler', 0.001, 0.0001, 1]",0.9208053691275168,0.9198830570592559
"['nndsvda', 'mu', 'kullback-leibler', 0.0001, 0.001, 0.5]",0.9201342281879195,0.9188922926369325
"['nndsvdar', 'mu', 'kullback-leibler', 0.0001, 0, 1]",0.9201342281879195,0.9190223226920026
"['nndsvda', 'mu', 'kullback-leibler', 0.01, 0, 1]",0.9201342281879195,0.9190425780199769
"['nndsvda', 'mu', 'kullback-leibler', 0.01, 0, 0.75]",0.9201342281879195,0.9190425780199769
"['nndsvda', 'mu', 'kullback-leibler', 0.001, 0.001, 0.25]",0.9201342281879195,0.9188979867226725
"['nndsvda', 'mu', 'kullback-leibler', 0.001, 0.0001, 0]",0.9201342281879195,0.9189550620831887
"['nndsvda', 'mu', 'kullback-leibler', 0.001, 'same', 0.25]",0.9201342281879195,0.9188979867226725
"['nndsvda', 'mu', 'kullback-leibler', 0.0001, 0.01, 0.25]",0.9201342281879195,0.9188922926369325
"['nndsvda', 'mu', 'kullback-leibler', 0.0001, 0.001, 0.75]",0.9201342281879195,0.9188922926369325
"['nndsvda', 'mu', 'kullback-leibler', 0.01, 0.0001, 0.25]",0.9201342281879195,0.9189585324820576
"['nndsvdar', 'mu', 'kullback-leibler', 0.01, 0, 0.5]",0.9201342281879195,0.9191794843807005
"['nndsvda', 'cd', 'frobenius', 0, 0, 0.25]",0.9194630872483222,0.919437006985843
"['nndsvda', 'cd', 'frobenius', 0, 'same', 0.5]",0.9194630872483222,0.919437006985843
"['nndsvda', 'cd', 'frobenius', 0, 'same', 0.75]",0.9194630872483222,0.919437006985843
"['nndsvda', 'cd', 'frobenius', 0, 'same', 1]",0.9194630872483222,0.919437006985843
"['nndsvda', 'cd', 'frobenius', 0, 0, 0]",0.9194630872483222,0.919437006985843
"['nndsvdar', 'mu', 'kullback-leibler', 1, 0, 0.25]",0.9194630872483222,0.9185333964348495
"['nndsvda', 'cd', 'frobenius', 0, 0, 0.5]",0.9194630872483222,0.919437006985843
"['nndsvda', 'cd', 'frobenius', 0, 0, 0.75]",0.9194630872483222,0.919437006985843
"['nndsvda', 'cd', 'frobenius', 0, 0, 1]",0.9194630872483222,0.919437006985843
"['nndsvd', 'cd', 'frobenius', 0, 'same', 0.25]",0.9194630872483222,0.919437006985843
"['nndsvd', 'cd', 'frobenius', 0, 'same', 0]",0.9194630872483222,0.919437006985843
"['nndsvda', 'cd', 'frobenius', 0, 'same', 0.25]",0.9194630872483222,0.919437006985843
"['nndsvd', 'cd', 'frobenius', 0, 0, 1]",0.9194630872483222,0.919437006985843
"['nndsvd', 'cd', 'frobenius', 0, 0, 0.5]",0.9194630872483222,0.919437006985843
"['nndsvda', 'mu', 'kullback-leibler', 0, 0.001, 0]",0.9194630872483222,0.918202399169169
"['nndsvda', 'mu', 'kullback-leibler', 0.0001, 0.0001, 0.75]",0.9194630872483222,0.9181952121615199
"['nndsvda', 'mu', 'kullback-leibler', 0.0001, 0.0001, 1]",0.9194630872483222,0.9181424082132201
"['nndsvda', 'mu', 'kullback-leibler', 0.0001, 0.001, 0]",0.9194630872483222,0.9182911975423684
"['nndsvdar', 'mu', 'kullback-leibler', 0.001, 0, 0.25]",0.9194630872483222,0.9183739826682852
"['nndsvdar', 'cd', 'frobenius', 0, 0, 1]",0.9194630872483222,0.919437006985843
"['nndsvdar', 'cd', 'frobenius', 0, 0, 0.75]",0.9194630872483222,0.919437006985843
"['nndsvdar', 'cd', 'frobenius', 0, 0, 0.5]",0.9194630872483222,0.919437006985843
"['nndsvdar', 'cd', 'frobenius', 0, 0, 0.25]",0.9194630872483222,0.919437006985843
"['nndsvdar', 'mu', 'kullback-leibler', 0.001, 0, 1]",0.9194630872483222,0.9185499449416218
"['nndsvda', 'mu', 'kullback-leibler', 0.0001, 'same', 0.75]",0.9194630872483222,0.9181952121615199
"['nndsvd', 'cd', 'frobenius', 0, 0, 0.75]",0.9194630872483222,0.919437006985843
"['nndsvda', 'mu', 'kullback-leibler', 0.001, 0.0001, 0.25]",0.9194630872483222,0.9181952121615199
"['nndsvda', 'mu', 'kullback-leibler', 0.001, 0.0001, 0.5]",0.9194630872483222,0.9181424082132201
"['nndsvda', 'mu', 'kullback-leibler', 0.0001, 'same', 1]",0.9194630872483222,0.9181424082132201
"['nndsvd', 'cd', 'frobenius', 0, 0, 0.25]",0.9194630872483222,0.919437006985843
"['nndsvdar', 'cd', 'frobenius', 0, 'same', 0.5]",0.9194630872483222,0.919437006985843
"['nndsvd', 'cd', 'frobenius', 0, 'same', 0.5]",0.9194630872483222,0.919437006985843
"['nndsvd', 'cd', 'frobenius', 0, 'same', 1]",0.9194630872483222,0.919437006985843
"['nndsvda', 'mu', 'kullback-leibler', 0.1, 0, 0.25]",0.9194630872483222,0.9182967839387225
"['nndsvda', 'cd', 'frobenius', 0, 'same', 0]",0.9194630872483222,0.919437006985843
"['nndsvd', 'cd', 'frobenius', 0, 0, 0]",0.9194630872483222,0.919437006985843
"['nndsvdar', 'cd', 'frobenius', 0, 'same', 0]",0.9194630872483222,0.919437006985843
"['nndsvdar', 'cd', 'frobenius', 0, 'same', 0.25]",0.9194630872483222,0.919437006985843
"['nndsvdar', 'cd', 'frobenius', 0, 'same', 0.75]",0.9194630872483222,0.919437006985843
"['nndsvdar', 'cd', 'frobenius', 0, 'same', 1]",0.9194630872483222,0.919437006985843
"['nndsvdar', 'cd', 'frobenius', 0, 0, 0]",0.9194630872483222,0.919437006985843
"['nndsvd', 'cd', 'frobenius', 0, 'same', 0.75]",0.9194630872483222,0.919437006985843
"['nndsvdar', 'mu', 'kullback-leibler', 0.001, 'same', 0.5]",0.9187919463087248,0.9177100317597047
"['nndsvdar', 'mu', 'kullback-leibler', 0.1, 0, 0.75]",0.9187919463087248,0.9178285657519292
"['nndsvdar', 'mu', 'kullback-leibler', 0.1, 0, 0.5]",0.9187919463087248,0.9177878529878767
"['nndsvda', 'mu', 'kullback-leibler', 0.0001, 'same', 0.25]",0.9187919463087248,0.917495349686396
"['nndsvda', 'mu', 'kullback-leibler', 0.0001, 'same', 0.5]",0.9187919463087248,0.917495349686396
"['nndsvdar', 'mu', 'kullback-leibler', 0.001, 0, 0.75]",0.9187919463087248,0.9177999785975982
"['nndsvdar', 'mu', 'kullback-leibler', 1, 0, 0.75]",0.9187919463087248,0.9178285657519292
"['nndsvdar', 'mu', 'kullback-leibler', 0.001, 0, 0.5]",0.9187919463087248,0.9177697109596917
"['nndsvdar', 'mu', 'kullback-leibler', 0.001, 0.001, 0.5]",0.9187919463087248,0.9177100317597047
"['nndsvdar', 'mu', 'kullback-leibler', 1, 0, 0.5]",0.9187919463087248,0.9178285657519292
"['nndsvdar', 'mu', 'kullback-leibler', 1, 0, 1]",0.9187919463087248,0.9178285657519292
"['nndsvda', 'mu', 'kullback-leibler', 1, 0, 0.5]",0.9187919463087248,0.9177831223295821
"['nndsvda', 'mu', 'kullback-leibler', 0.0001, 0.0001, 0.5]",0.9187919463087248,0.917495349686396
"['nndsvda', 'mu', 'kullback-leibler', 0.001, 'same', 0.5]",0.9187919463087248,0.9175577989347169
"['nndsvda', 'mu', 'kullback-leibler', 0.001, 0, 0]",0.9187919463087248,0.9175926641094777
"['nndsvda', 'mu', 'kullback-leibler', 1, 0, 1]",0.9187919463087248,0.9177831223295821
"['nndsvda', 'mu', 'kullback-leibler', 1, 0, 0.25]",0.9187919463087248,0.9177742816148922
"['nndsvda', 'mu', 'kullback-leibler', 0.1, 0, 1]",0.9187919463087248,0.9177831223295821
"['nndsvda', 'mu', 'kullback-leibler', 0.0001, 0.0001, 0.25]",0.9187919463087248,0.917495349686396
"['nndsvda', 'mu', 'kullback-leibler', 0.01, 0, 0.25]",0.9187919463087248,0.9175383572489125
"['nndsvda', 'mu', 'kullback-leibler', 0.001, 0.001, 0.5]",0.9187919463087248,0.9175577989347169
"['nndsvda', 'mu', 'kullback-leibler', 1, 0, 0.75]",0.9187919463087248,0.9177831223295821
"['nndsvdar', 'mu', 'frobenius', 0, 1, 0]",0.9187919463087248,0.9185513053519063
"['nndsvda', 'mu', 'kullback-leibler', 0.1, 0, 0.75]",0.9181208053691275,0.9171249058374208
"['nndsvda', 'mu', 'kullback-leibler', 0.001, 0.001, 0.75]",0.9181208053691275,0.9168982994649802
"['nndsvda', 'mu', 'kullback-leibler', 0.001, 0, 1]",0.9181208053691275,0.9167464855172408
"['nndsvda', 'mu', 'kullback-leibler', 0.001, 0, 0.75]",0.9181208053691275,0.9167464855172408
"['nndsvda', 'mu', 'kullback-leibler', 0.001, 0, 0.25]",0.9181208053691275,0.91687116025963
"['nndsvda', 'mu', 'kullback-leibler', 0.0001, 0, 0.25]",0.9181208053691275,0.9167949374759573
"['nndsvda', 'mu', 'kullback-leibler', 0.001, 'same', 0.75]",0.9181208053691275,0.9168982994649802
"['nndsvda', 'mu', 'kullback-leibler', 0.0001, 0, 0.5]",0.9181208053691275,0.9168015119517631
"['nndsvdar', 'mu', 'kullback-leibler', 0.0001, 0.01, 0.5]",0.9181208053691275,0.9171616762413256
"['nndsvda', 'mu', 'kullback-leibler', 0.0001, 0.01, 0.5]",0.9181208053691275,0.916858307161427
"['nndsvda', 'mu', 'kullback-leibler', 0, 0.0001, 0]",0.9181208053691275,0.9167127565028337
"['nndsvda', 'mu', 'kullback-leibler', 0, 0.0001, 0.25]",0.9181208053691275,0.9167127565028337
"['nndsvda', 'mu', 'kullback-leibler', 0, 0.0001, 0.5]",0.9181208053691275,0.9167127565028337
"['nndsvda', 'mu', 'kullback-leibler', 0, 0.0001, 1]",0.9181208053691275,0.9167479661202229
"['nndsvdar', 'mu', 'kullback-leibler', 0.0001, 0.1, 0.25]",0.9181208053691275,0.9170987439826718
"['nndsvdar', 'mu', 'kullback-leibler', 0.1, 0, 1]",0.9181208053691275,0.9171332454221043
"['nndsvda', 'mu', 'kullback-leibler', 0.0001, 0, 0.75]",0.9181208053691275,0.9168015119517631
"['nndsvda', 'mu', 'kullback-leibler', 0.001, 0.01, 0.25]",0.9181208053691275,0.9168745988391211
"['nndsvdar', 'mu', 'kullback-leibler', 0.01, 0.0001, 0.5]",0.9174496644295302,0.9163195390835188
"['nndsvda', 'mu', 'kullback-leibler', 0, 'same', 1]",0.9174496644295302,0.9160538353595756
"['nndsvda', 'mu', 'kullback-leibler', 0.0001, 'same', 0]",0.9174496644295302,0.9160383832683631
"['nndsvda', 'mu', 'kullback-leibler', 0, 'same', 0.5]",0.9174496644295302,0.9160538353595756
"['nndsvda', 'mu', 'kullback-leibler', 0, 'same', 0.25]",0.9174496644295302,0.9160538353595756
"['nndsvda', 'mu', 'kullback-leibler', 0, 'same', 0]",0.9174496644295302,0.9160538353595756
"['nndsvda', 'mu', 'kullback-leibler', 0.1, 0, 0.5]",0.9174496644295302,0.9164290589951292
"['nndsvda', 'mu', 'kullback-leibler', 0.0001, 0.0001, 0]",0.9174496644295302,0.9160383832683631
"['nndsvda', 'mu', 'kullback-leibler', 0.0001, 0, 1]",0.9174496644295302,0.9161340662058421
"['nndsvda', 'mu', 'kullback-leibler', 0.0001, 0, 0]",0.9174496644295302,0.9160383832683631
"['nndsvda', 'mu', 'kullback-leibler', 0, 0.0001, 0.75]",0.9174496644295302,0.9160460713797567
"['nndsvda', 'mu', 'kullback-leibler', 0.01, 0, 0.5]",0.9174496644295302,0.9162415414240118
"['nndsvda', 'mu', 'kullback-leibler', 0, 0, 1]",0.9174496644295302,0.9160538353595756
"['nndsvda', 'mu', 'kullback-leibler', 0, 0, 0.75]",0.9174496644295302,0.9160538353595756
"['nndsvda', 'mu', 'kullback-leibler', 0, 0, 0.5]",0.9174496644295302,0.9160538353595756
"['nndsvda', 'mu', 'kullback-leibler', 0, 'same', 0.75]",0.9174496644295302,0.9160538353595756
"['nndsvda', 'mu', 'kullback-leibler', 0, 0, 0.25]",0.9174496644295302,0.9160538353595756
"['nndsvda', 'mu', 'kullback-leibler', 0, 0, 0]",0.9174496644295302,0.9160538353595756
"['nndsvda', 'mu', 'kullback-leibler', 0.01, 0.0001, 0.5]",0.9174496644295302,0.9161988076916902
"['nndsvdar', 'mu', 'kullback-leibler', 0.001, 0.001, 0.75]",0.9167785234899329,0.9157124258487557
"['nndsvdar', 'mu', 'kullback-leibler', 0.001, 0.01, 0.25]",0.9167785234899329,0.9157124258487557
"['nndsvda', 'mu', 'kullback-leibler', 0.001, 0.001, 1]",0.9167785234899329,0.9155084989200344
"['nndsvda', 'mu', 'kullback-leibler', 0.001, 0, 0.5]",0.9167785234899329,0.9154712095180526
"['nndsvda', 'mu', 'kullback-leibler', 0.001, 'same', 1]",0.9167785234899329,0.9155084989200344
"['nndsvdar', 'mu', 'kullback-leibler', 0.0001, 0.01, 0.75]",0.9167785234899329,0.9156556428410884
"['nndsvdar', 'mu', 'kullback-leibler', 0.001, 'same', 0.75]",0.9167785234899329,0.9157124258487557
"['nndsvdar', 'mu', 'kullback-leibler', 0.01, 0.001, 0.25]",0.9161073825503355,0.9150516655415593
"['nndsvdar', 'mu', 'kullback-leibler', 0.001, 'same', 1]",0.9161073825503355,0.9149406263191155
"['nndsvda', 'mu', 'kullback-leibler', 0.0001, 0.01, 0.75]",0.9161073825503355,0.9149878000955604
"['nndsvdar', 'mu', 'kullback-leibler', 0.001, 0.001, 1]",0.9161073825503355,0.9149406263191155
"['nndsvdar', 'mu', 'kullback-leibler', 0.001, 0.01, 0.5]",0.9154362416107382,0.91426664147201
"['nndsvda', 'mu', 'kullback-leibler', 0.01, 0.0001, 0.75]",0.9154362416107382,0.9140854153836895
"['nndsvdar', 'mu', 'kullback-leibler', 0.01, 0.0001, 1]",0.9154362416107382,0.9143708448171511
"['nndsvdar', 'mu', 'frobenius', 0, 0, 1]",0.9147651006711409,0.9142103978512993
"['nndsvdar', 'mu', 'frobenius', 0, 0, 0.5]",0.9147651006711409,0.9142103978512993
"['nndsvda', 'mu', 'kullback-leibler', 0.01, 0.0001, 1]",0.9147651006711409,0.9135207679942164
"['nndsvdar', 'mu', 'kullback-leibler', 0.0001, 0.01, 1]",0.9147651006711409,0.9136234425948516
"['nndsvdar', 'mu', 'kullback-leibler', 0.01, 0.0001, 0.75]",0.9147651006711409,0.9136735134087393
"['nndsvdar', 'mu', 'frobenius', 0, 0, 0.75]",0.9147651006711409,0.9142103978512993
"['nndsvdar', 'mu', 'frobenius', 0, 'same', 0]",0.9147651006711409,0.9142103978512993
"['nndsvdar', 'mu', 'frobenius', 0, 0, 0.25]",0.9147651006711409,0.9142103978512993
"['nndsvdar', 'mu', 'frobenius', 0, 0, 0]",0.9147651006711409,0.9142103978512993
"['nndsvdar', 'mu', 'frobenius', 0, 'same', 1]",0.9147651006711409,0.9142103978512993
"['nndsvdar', 'mu', 'frobenius', 0, 'same', 0.75]",0.9147651006711409,0.9142103978512993
"['nndsvdar', 'mu', 'frobenius', 0, 'same', 0.5]",0.9147651006711409,0.9142103978512993
"['nndsvdar', 'mu', 'frobenius', 0, 'same', 0.25]",0.9147651006711409,0.9142103978512993
"['nndsvdar', 'mu', 'kullback-leibler', 0.0001, 0.1, 0.5]",0.9140939597315436,0.9128770906808306
"['nndsvda', 'mu', 'kullback-leibler', 0.01, 0.001, 0.25]",0.9140939597315436,0.9128304256240838
"['nndsvda', 'mu', 'kullback-leibler', 0.001, 0.01, 0.5]",0.9140939597315436,0.9127476122228787
"['nndsvda', 'mu', 'frobenius', 0, 1, 0]",0.912751677852349,0.9122714912023903
"['nndsvda', 'mu', 'kullback-leibler', 0.0001, 0.01, 1]",0.912751677852349,0.911408945087487
"['nndsvda', 'mu', 'frobenius', 0, 0.1, 0]",0.912751677852349,0.9122714912023903
"['nndsvda', 'mu', 'frobenius', 1, 0, 1]",0.9120805369127517,0.9114299242488091
"['nndsvdar', 'cd', 'frobenius', 0.0001, 0.0001, 0]",0.9120805369127517,0.9113173381304734
"['nndsvda', 'cd', 'frobenius', 0.0001, 'same', 0]",0.9120805369127517,0.9113173381304734
"['nndsvda', 'mu', 'frobenius', 1, 0, 0.75]",0.9120805369127517,0.9114299242488091
"['nndsvda', 'mu', 'frobenius', 0.001, 0, 1]",0.9120805369127517,0.9114299242488091
"['nndsvd', 'cd', 'frobenius', 0.0001, 0.0001, 0]",0.9120805369127517,0.9113173381304734
"['nndsvda', 'cd', 'frobenius', 0.0001, 0.0001, 0]",0.9120805369127517,0.9113173381304734
"['nndsvda', 'mu', 'frobenius', 0, 0.001, 0]",0.9120805369127517,0.911534502342309
"['nndsvda', 'mu', 'frobenius', 0.01, 0, 0.75]",0.9120805369127517,0.9114299242488091
"['nndsvda', 'mu', 'frobenius', 0.01, 0, 1]",0.9120805369127517,0.9114299242488091
"['nndsvda', 'mu', 'frobenius', 0.1, 0, 0.75]",0.9120805369127517,0.9114299242488091
"['nndsvdar', 'mu', 'frobenius', 0, 0.1, 0]",0.9120805369127517,0.9116757254899718
"['nndsvd', 'cd', 'frobenius', 0.0001, 'same', 0]",0.9120805369127517,0.9113173381304734
"['nndsvdar', 'cd', 'frobenius', 0.0001, 'same', 0]",0.9120805369127517,0.9113173381304734
"['nndsvda', 'mu', 'frobenius', 0.1, 0, 1]",0.9120805369127517,0.9114299242488091
"['nndsvdar', 'cd', 'frobenius', 0.001, 0, 0]",0.9114093959731544,0.910556291582426
"['nndsvdar', 'cd', 'frobenius', 0.01, 0, 0]",0.9114093959731544,0.9105385167874677
"['nndsvd', 'cd', 'frobenius', 0.01, 0, 0]",0.9114093959731544,0.9105385167874677
"['nndsvdar', 'cd', 'frobenius', 0.0001, 0, 0]",0.9114093959731544,0.910556291582426
"['nndsvda', 'cd', 'frobenius', 0.0001, 0, 0]",0.9114093959731544,0.910556291582426
"['nndsvda', 'cd', 'frobenius', 0.01, 0, 0]",0.9114093959731544,0.9105385167874677
"['nndsvda', 'mu', 'frobenius', 0, 0, 0.5]",0.9114093959731544,0.9107545845791065
"['nndsvda', 'mu', 'frobenius', 0, 'same', 0.5]",0.9114093959731544,0.9107545845791065
"['nndsvda', 'mu', 'frobenius', 0, 0.01, 0]",0.9114093959731544,0.9108508122689203
"['nndsvd', 'cd', 'frobenius', 0.0001, 0, 0]",0.9114093959731544,0.910556291582426
"['nndsvda', 'cd', 'frobenius', 0.001, 0, 0]",0.9114093959731544,0.910556291582426
"['nndsvda', 'mu', 'frobenius', 0, 0, 1]",0.9114093959731544,0.9107545845791065
"['nndsvda', 'mu', 'frobenius', 0, 0, 0.75]",0.9114093959731544,0.9107545845791065
"['nndsvda', 'mu', 'frobenius', 0, 0, 0.25]",0.9114093959731544,0.9107545845791065
"['nndsvda', 'mu', 'frobenius', 0, 0, 0]",0.9114093959731544,0.9107545845791065
"['nndsvda', 'mu', 'frobenius', 0, 'same', 1]",0.9114093959731544,0.9107545845791065
"['nndsvda', 'mu', 'frobenius', 0, 'same', 0.75]",0.9114093959731544,0.9107545845791065
"['nndsvd', 'cd', 'frobenius', 0.001, 0, 0]",0.9114093959731544,0.910556291582426
"['nndsvda', 'mu', 'frobenius', 0, 'same', 0.25]",0.9114093959731544,0.9107545845791065
"['nndsvda', 'mu', 'frobenius', 0, 'same', 0]",0.9114093959731544,0.9107545845791065
"['nndsvda', 'cd', 'frobenius', 0.1, 0, 0]",0.9107382550335571,0.9099102203631237
"['nndsvda', 'mu', 'frobenius', 1, 0, 0.5]",0.9107382550335571,0.9101295995420274
"['nndsvda', 'mu', 'frobenius', 0.0001, 0, 0.25]",0.9107382550335571,0.910082674640768
"['nndsvda', 'mu', 'frobenius', 0.1, 0, 0.5]",0.9107382550335571,0.9101295995420274
"['nndsvdar', 'mu', 'frobenius', 1, 0, 0.25]",0.9107382550335571,0.9101372546112243
"['nndsvdar', 'mu', 'frobenius', 0.001, 0, 0.25]",0.9107382550335571,0.9101386307190047
"['nndsvda', 'mu', 'frobenius', 0.01, 0, 0.5]",0.9107382550335571,0.9101295995420274
"['nndsvda', 'mu', 'frobenius', 0.0001, 0, 0.5]",0.9107382550335571,0.9100677197456657
"['nndsvda', 'mu', 'frobenius', 0.001, 0, 0.75]",0.9107382550335571,0.9101295995420274
"['nndsvda', 'mu', 'frobenius', 0.0001, 0, 0.75]",0.9107382550335571,0.9100652727454253
"['nndsvda', 'mu', 'frobenius', 0.001, 0, 0.25]",0.9107382550335571,0.9100652727454253
"['nndsvdar', 'mu', 'frobenius', 0.01, 0, 0.25]",0.9107382550335571,0.9101372546112243
"['nndsvdar', 'mu', 'frobenius', 0.1, 0, 0.25]",0.9107382550335571,0.9101372546112243
"['nndsvdar', 'cd', 'frobenius', 0, 0.01, 0]",0.9100671140939597,0.9094731026163801
"['nndsvd', 'cd', 'frobenius', 0, 0.001, 0]",0.9100671140939597,0.9094731026163801
"['nndsvd', 'cd', 'frobenius', 0.1, 0, 0]",0.9100671140939597,0.9091567403842469
"['nndsvdar', 'cd', 'frobenius', 0, 0.0001, 0]",0.9100671140939597,0.9094731026163801
"['nndsvdar', 'cd', 'frobenius', 0.1, 0, 0]",0.9100671140939597,0.9091567403842469
"['nndsvd', 'cd', 'frobenius', 0, 0.01, 0]",0.9100671140939597,0.9094731026163801
"['nndsvdar', 'cd', 'frobenius', 0, 0.001, 0]",0.9100671140939597,0.9094731026163801
"['nndsvd', 'cd', 'frobenius', 0, 0.0001, 0]",0.9100671140939597,0.9094731026163801
"['nndsvdar', 'mu', 'frobenius', 0.01, 0, 0.75]",0.9100671140939597,0.909421323587749
"['nndsvdar', 'mu', 'frobenius', 1, 0, 1]",0.9100671140939597,0.909421323587749
"['nndsvdar', 'mu', 'frobenius', 0.0001, 0, 0.75]",0.9100671140939597,0.9094443853445224
"['nndsvda', 'mu', 'frobenius', 1, 0, 0.25]",0.9100671140939597,0.9094318606344365
"['nndsvda', 'mu', 'frobenius', 0.1, 0, 0.25]",0.9100671140939597,0.9094318606344365
"['nndsvda', 'cd', 'frobenius', 0, 0.0001, 0]",0.9100671140939597,0.9094731026163801
"['nndsvda', 'mu', 'frobenius', 0.01, 0, 0.25]",0.9100671140939597,0.9094318606344365
"['nndsvda', 'cd', 'frobenius', 0, 0.001, 0]",0.9100671140939597,0.9094731026163801
"['nndsvda', 'mu', 'frobenius', 0.001, 0, 0.5]",0.9100671140939597,0.9094318606344365
"['nndsvda', 'mu', 'frobenius', 0.0001, 0, 1]",0.9100671140939597,0.9094318606344365
"['nndsvda', 'cd', 'frobenius', 0, 0.01, 0]",0.9100671140939597,0.9094731026163801
"['nndsvdar', 'mu', 'frobenius', 0, 0.001, 0]",0.9100671140939597,0.9095239304525237
"['nndsvdar', 'mu', 'frobenius', 1, 0, 0.75]",0.9100671140939597,0.909421323587749
"['nndsvdar', 'mu', 'frobenius', 0, 0.01, 0]",0.9100671140939597,0.9095239304525237
"['nndsvdar', 'mu', 'frobenius', 0.01, 0, 0.5]",0.9100671140939597,0.909421323587749
"['nndsvdar', 'mu', 'frobenius', 0.001, 0, 1]",0.9100671140939597,0.909421323587749
"['nndsvdar', 'mu', 'frobenius', 1, 0, 0.5]",0.9100671140939597,0.909421323587749
"['nndsvdar', 'mu', 'frobenius', 0.1, 0, 1]",0.9100671140939597,0.909421323587749
"['nndsvdar', 'mu', 'frobenius', 0.1, 0, 0.75]",0.9100671140939597,0.909421323587749
"['nndsvdar', 'mu', 'frobenius', 0.1, 0, 0.5]",0.9100671140939597,0.909421323587749
"['nndsvdar', 'mu', 'frobenius', 0.01, 0, 1]",0.9100671140939597,0.909421323587749
"['nndsvdar', 'mu', 'frobenius', 0.001, 0, 0.75]",0.9100671140939597,0.909421323587749
"['nndsvdar', 'mu', 'frobenius', 0.001, 0, 0.5]",0.9100671140939597,0.909421323587749
"['nndsvdar', 'mu', 'frobenius', 0.0001, 0, 1]",0.9100671140939597,0.9094443853445224
"['nndsvda', 'mu', 'frobenius', 0, 0.0001, 0]",0.9093959731543624,0.9088428507671562
"['nndsvdar', 'mu', 'frobenius', 0.0001, 0, 0.25]",0.9093959731543624,0.9087338879922917
"['nndsvdar', 'mu', 'frobenius', 0, 0.0001, 0]",0.9093959731543624,0.9088422166339156
"['nndsvdar', 'cd', 'frobenius', 0.0001, 0.001, 0]",0.9087248322147651,0.9078844151919413
"['nndsvdar', 'mu', 'kullback-leibler', 0.1, 0.0001, 0.25]",0.9087248322147651,0.9074426938490439
"['nndsvdar', 'cd', 'frobenius', 0.001, 0.0001, 0]",0.9087248322147651,0.9078844151919413
"['nndsvdar', 'cd', 'frobenius', 0, 0.1, 0]",0.9087248322147651,0.9080909587242553
"['nndsvdar', 'mu', 'frobenius', 0.0001, 0, 0.5]",0.9087248322147651,0.9080188667762599
"['nndsvdar', 'cd', 'frobenius', 1, 0, 0]",0.9087248322147651,0.9076358901075061
"['nndsvda', 'cd', 'frobenius', 0, 0.1, 0]",0.9087248322147651,0.9080909587242553
"['nndsvd', 'cd', 'frobenius', 0.001, 0.0001, 0]",0.9087248322147651,0.9078844151919413
"['nndsvd', 'cd', 'frobenius', 1, 0, 0]",0.9087248322147651,0.9076358901075061
"['nndsvda', 'cd', 'frobenius', 0.0001, 0.001, 0]",0.9087248322147651,0.9078844151919413
"['nndsvd', 'cd', 'frobenius', 0.0001, 0.001, 0]",0.9087248322147651,0.9078844151919413
"['nndsvda', 'cd', 'frobenius', 1, 0, 0]",0.9087248322147651,0.9076441663767446
"['nndsvd', 'cd', 'frobenius', 0, 0.1, 0]",0.9087248322147651,0.9080909587242553
"['nndsvda', 'cd', 'frobenius', 0.001, 0.0001, 0]",0.9087248322147651,0.9078844151919413
"['nndsvda', 'mu', 'kullback-leibler', 0.0001, 0.1, 0.5]",0.9080536912751678,0.9064229629231646
"['nndsvda', 'mu', 'kullback-leibler', 0.01, 0.001, 0.5]",0.9073825503355705,0.9057533926594642
"['nndsvda', 'mu', 'kullback-leibler', 0.1, 0.0001, 0.25]",0.9073825503355705,0.9058877913107402
"['nndsvdar', 'mu', 'kullback-leibler', 0.01, 0.001, 0.5]",0.9067114093959732,0.9054081600550397
"['nndsvdar', 'mu', 'kullback-leibler', 0.1, 0.0001, 0.5]",0.9046979865771813,0.9033874227083235
"['nndsvda', 'mu', 'kullback-leibler', 0.1, 0.0001, 0.5]",0.9033557046979865,0.9020299265295394
"['nndsvda', 'mu', 'kullback-leibler', 0.01, 0.001, 0.75]",0.9026845637583892,0.9010823610213048
"['nndsvda', 'mu', 'frobenius', 0.0001, 0.0001, 0]",0.9020134228187919,0.9012223940512162
"['nndsvda', 'mu', 'frobenius', 0.0001, 'same', 0]",0.9020134228187919,0.9012223940512162
"['nndsvdar', 'mu', 'kullback-leibler', 0.001, 0.1, 0.25]",0.9020134228187919,0.9001598319386376
"['nndsvdar', 'mu', 'kullback-leibler', 0.01, 0.001, 0.75]",0.9020134228187919,0.9005969705445579
"['nndsvda', 'cd', 'frobenius', 0, 1, 0]",0.9013422818791946,0.9007210588818634
"['nndsvdar', 'cd', 'frobenius', 0, 1, 0]",0.9013422818791946,0.9007210588818634
"['nndsvd', 'cd', 'frobenius', 0, 1, 0]",0.9013422818791946,0.9007210588818634
"['nndsvda', 'mu', 'kullback-leibler', 0.001, 0.1, 0.25]",0.9006711409395973,0.898721050814092
"['nndsvda', 'mu', 'kullback-leibler', 0.0001, 0.1, 0.75]",0.9006711409395973,0.8986625027640452
"['nndsvdar', 'mu', 'frobenius', 0.0001, 0.0001, 0]",0.9,0.8992676408445069
"['nndsvdar', 'mu', 'frobenius', 0.0001, 'same', 0]",0.9,0.8992676408445069
"['nndsvda', 'mu', 'kullback-leibler', 0.001, 0.01, 0.75]",0.9,0.8978970485868343
"['nndsvdar', 'mu', 'kullback-leibler', 0.0001, 0.1, 0.75]",0.9,0.8980449378604025
"['nndsvda', 'mu', 'frobenius', 0.0001, 0, 0]",0.8993288590604027,0.8983143804398598
"['nndsvda', 'mu', 'kullback-leibler', 0.01, 'same', 0.25]",0.8993288590604027,0.8974761768237716
"['nndsvda', 'mu', 'frobenius', 0.001, 0, 0]",0.8993288590604027,0.898328214427672
"['nndsvda', 'mu', 'kullback-leibler', 0.01, 0.01, 0.25]",0.8993288590604027,0.8974761768237716
"['nndsvdar', 'mu', 'frobenius', 0.0001, 0, 0]",0.8986577181208054,0.8976854728364088
"['nndsvdar', 'mu', 'frobenius', 0.001, 0, 0]",0.897986577181208,0.8970574751387673
"['nndsvdar', 'mu', 'kullback-leibler', 0.01, 0.01, 0.25]",0.897986577181208,0.8963266400002197
"['nndsvdar', 'mu', 'kullback-leibler', 0.01, 'same', 0.25]",0.897986577181208,0.8963266400002197
"['nndsvdar', 'mu', 'frobenius', 0.01, 0, 0]",0.8973154362416107,0.8963720056905695
"['nndsvda', 'mu', 'kullback-leibler', 0.0001, 1, 0.25]",0.8973154362416107,0.8961795693165961
"['nndsvda', 'mu', 'frobenius', 0.0001, 0.001, 0]",0.8973154362416107,0.896483935734783
"['nndsvdar', 'mu', 'kullback-leibler', 0.001, 0.01, 0.75]",0.8973154362416107,0.8956471021793799
"['nndsvda', 'mu', 'frobenius', 0.01, 0, 0]",0.8973154362416107,0.8962827527987711
"['nndsvda', 'mu', 'frobenius', 0.1, 0, 0]",0.8973154362416107,0.8963363852586242
"['nndsvda', 'mu', 'frobenius', 0.001, 0.0001, 0]",0.8966442953020134,0.8957752431351182
"['nndsvda', 'mu', 'kullback-leibler', 0.1, 0.0001, 0.75]",0.8959731543624161,0.8943145879987481
"['nndsvda', 'mu', 'frobenius', 1, 0, 0]",0.8946308724832215,0.893623491722213
"['nndsvdar', 'mu', 'frobenius', 0.1, 0, 0]",0.8932885906040269,0.8923031336624334
"['nndsvdar', 'mu', 'frobenius', 0.001, 0.0001, 0]",0.8932885906040269,0.8923088801175885
"['nndsvdar', 'mu', 'frobenius', 0.0001, 0.001, 0]",0.8926174496644296,0.8915952347145238
"['nndsvdar', 'mu', 'kullback-leibler', 0.0001, 1, 0.25]",0.8926174496644296,0.8918289147849745
"['nndsvda', 'mu', 'kullback-leibler', 0.1, 0.0001, 1]",0.8919463087248322,0.8908112571653234
"['nndsvdar', 'mu', 'kullback-leibler', 0.1, 0.0001, 0.75]",0.8919463087248322,0.8903983341094606
"['nndsvdar', 'mu', 'frobenius', 1, 0, 0]",0.8912751677852349,0.8902101104072239
"['nndsvdar', 'mu', 'kullback-leibler', 0.01, 0.001, 1]",0.8912751677852349,0.89002400207681
"['nndsvdar', 'mu', 'kullback-leibler', 0.1, 0.0001, 1]",0.8912751677852349,0.8900570173148269
"['nndsvda', 'mu', 'kullback-leibler', 0.01, 0.001, 1]",0.889261744966443,0.8879821704413506
"['nndsvda', 'mu', 'kullback-leibler', 0.001, 0.01, 1]",0.889261744966443,0.8873264197867424
"['nndsvda', 'mu', 'kullback-leibler', 0.0001, 0.1, 1]",0.8865771812080537,0.8847398371623619
"['nndsvdar', 'mu', 'kullback-leibler', 0.001, 0.01, 1]",0.8859060402684564,0.8842009802456249
"['nndsvdar', 'cd', 'frobenius', 0, 0.0001, 0.25]",0.885234899328859,0.8844451365410109
"['nndsvda', 'cd', 'frobenius', 0, 0.0001, 0.25]",0.885234899328859,0.8844451365410109
"['nndsvd', 'cd', 'frobenius', 0, 0.0001, 0.25]",0.885234899328859,0.8844451365410109
"['nndsvdar', 'mu', 'kullback-leibler', 0.0001, 0.1, 1]",0.8838926174496644,0.8820408777277962
"['nndsvdar', 'cd', 'frobenius', 0, 0.0001, 1]",0.8832214765100671,0.8823991959386692
"['nndsvdar', 'cd', 'frobenius', 0, 0.0001, 0.75]",0.8832214765100671,0.8823991959386692
"['nndsvdar', 'cd', 'frobenius', 0, 0.0001, 0.5]",0.8832214765100671,0.8824162714145425
"['nndsvdar', 'cd', 'frobenius', 0, 0.001, 0.75]",0.8832214765100671,0.8822700724490776
"['nndsvd', 'cd', 'frobenius', 0, 0.001, 0.75]",0.8832214765100671,0.8822700724490776
"['nndsvda', 'cd', 'frobenius', 0, 0.001, 0.25]",0.8832214765100671,0.8823837826344375
"['nndsvdar', 'cd', 'frobenius', 0, 0.001, 0.25]",0.8832214765100671,0.8823837826344375
"['nndsvd', 'cd', 'frobenius', 0, 0.0001, 0.5]",0.8832214765100671,0.8824162714145425
"['nndsvd', 'cd', 'frobenius', 0, 0.0001, 0.75]",0.8832214765100671,0.8823991959386692
"['nndsvd', 'cd', 'frobenius', 0, 0.0001, 1]",0.8832214765100671,0.8823991959386692
"['nndsvd', 'cd', 'frobenius', 0, 0.001, 0.25]",0.8832214765100671,0.8823837826344375
"['nndsvda', 'cd', 'frobenius', 0, 0.001, 0.75]",0.8832214765100671,0.8822700724490776
"['nndsvda', 'cd', 'frobenius', 0, 0.0001, 1]",0.8832214765100671,0.8823991959386692
"['nndsvda', 'cd', 'frobenius', 0, 0.0001, 0.5]",0.8832214765100671,0.8824162714145425
"['nndsvda', 'cd', 'frobenius', 0, 0.0001, 0.75]",0.8832214765100671,0.8823991959386692
"['nndsvda', 'mu', 'frobenius', 0, 0.0001, 0.25]",0.8825503355704698,0.8816596242859367
"['nndsvd', 'cd', 'frobenius', 0, 0.001, 0.5]",0.8825503355704698,0.8815842672738357
"['nndsvdar', 'cd', 'frobenius', 0, 0.001, 0.5]",0.8825503355704698,0.8815842672738357
"['nndsvda', 'cd', 'frobenius', 0, 0.001, 0.5]",0.8825503355704698,0.8815842672738357
"['nndsvdar', 'mu', 'frobenius', 0, 0.0001, 0.25]",0.8791946308724832,0.8781922973229415
"['nndsvda', 'mu', 'kullback-leibler', 0.1, 0.001, 0.25]",0.876510067114094,0.8739401662329127
"['nndsvdar', 'mu', 'kullback-leibler', 0.1, 0.001, 0.25]",0.8758389261744967,0.8733213951003316
"['nndsvda', 'mu', 'frobenius', 0, 0.0001, 0.5]",0.8711409395973154,0.8696624662361757
"['nndsvdar', 'mu', 'frobenius', 0, 0.0001, 0.5]",0.8677852348993289,0.8662268773951698
"['nndsvda', 'mu', 'frobenius', 0, 0.0001, 0.75]",0.8617449664429531,0.8595408500036289
"['nndsvda', 'mu', 'frobenius', 0, 0.001, 0.25]",0.8583892617449664,0.8558091661060383
"['nndsvdar', 'mu', 'frobenius', 0, 0.0001, 0.75]",0.8563758389261745,0.8541910054833932
"['nndsvdar', 'mu', 'frobenius', 0, 0.001, 0.25]",0.8543624161073825,0.8519816904291737
"['nndsvda', 'mu', 'frobenius', 0, 0.0001, 1]",0.8536912751677852,0.8512858170689751
"['nndsvdar', 'mu', 'frobenius', 0, 0.0001, 1]",0.8523489932885906,0.8500062185288079
"['nndsvda', 'mu', 'frobenius', 0, 0.01, 0.25]",0.8476510067114094,0.8441938106406965
"['nndsvda', 'mu', 'frobenius', 0, 0.001, 0.5]",0.8436241610738255,0.8403940863061037
"['nndsvdar', 'mu', 'frobenius', 0, 0.001, 0.5]",0.8402684563758389,0.8369984520082677
"['nndsvda', 'mu', 'frobenius', 0, 0.001, 0.75]",0.838255033557047,0.834474639493798
"['nndsvda', 'mu', 'frobenius', 0, 1, 0.25]",0.8375838926174497,0.8332308791972679
"['nndsvdar', 'mu', 'frobenius', 0, 0.001, 0.75]",0.8375838926174497,0.8340131599863184
"['nndsvda', 'mu', 'frobenius', 0, 0.1, 0.25]",0.8375838926174497,0.8332308791972679
"['nndsvdar', 'mu', 'frobenius', 0, 0.01, 0.25]",0.836241610738255,0.8326656075189974
"['nndsvda', 'mu', 'frobenius', 0, 0.01, 0.5]",0.836241610738255,0.8314576762601895
"['nndsvda', 'mu', 'frobenius', 0, 0.1, 0.5]",0.8322147651006712,0.8268820657519363
"['nndsvda', 'mu', 'frobenius', 0, 1, 0.5]",0.8322147651006712,0.8268820657519363
"['nndsvdar', 'mu', 'frobenius', 0, 1, 0.25]",0.8308724832214766,0.8267457589767141
"['nndsvdar', 'mu', 'frobenius', 0, 0.1, 0.25]",0.8308724832214766,0.8267457589767141
"['nndsvdar', 'mu', 'frobenius', 0, 0.001, 1]",0.8308724832214766,0.8269597075352672
"['nndsvda', 'mu', 'frobenius', 0, 0.001, 1]",0.8302013422818791,0.8257731830958704
"['nndsvdar', 'mu', 'frobenius', 0, 0.01, 0.5]",0.8302013422818791,0.8258832948084819
"['nndsvda', 'mu', 'frobenius', 0, 0.01, 0.75]",0.8295302013422818,0.8239000649504653
"['nndsvdar', 'mu', 'frobenius', 0, 0.01, 0.75]",0.8288590604026845,0.8235899548216101
"['nndsvdar', 'mu', 'frobenius', 0, 1, 0.75]",0.8288590604026845,0.823132223411311
"['nndsvdar', 'mu', 'frobenius', 0, 0.1, 0.75]",0.8281879194630872,0.8225428549108329
"['nndsvda', 'mu', 'frobenius', 0, 0.1, 0.75]",0.8261744966442953,0.8199906232983991
"['nndsvda', 'mu', 'frobenius', 0, 1, 0.75]",0.825503355704698,0.8191873006461533
"['nndsvdar', 'mu', 'frobenius', 0, 0.01, 1]",0.8248322147651007,0.8186997381406084
"['nndsvdar', 'mu', 'frobenius', 0, 0.1, 0.5]",0.8248322147651007,0.8198517591750538
"['nndsvdar', 'mu', 'frobenius', 0, 1, 0.5]",0.8248322147651007,0.8198517591750538
"['nndsvda', 'mu', 'frobenius', 0, 1, 1]",0.8241610738255034,0.8172852455155056
"['nndsvda', 'mu', 'frobenius', 0, 0.1, 1]",0.8241610738255034,0.8173139403613695
"['nndsvdar', 'mu', 'frobenius', 0, 0.1, 1]",0.823489932885906,0.8168792737208606
"['nndsvdar', 'mu', 'frobenius', 0, 1, 1]",0.823489932885906,0.8168491390677556
"['nndsvda', 'mu', 'frobenius', 0, 0.01, 1]",0.823489932885906,0.8168792737208606
"['nndsvda', 'mu', 'kullback-leibler', 1, 0.0001, 0.25]",0.8120805369127517,0.8094805310393014
"['nndsvda', 'mu', 'kullback-leibler', 0.001, 0.1, 0.5]",0.7953020134228188,0.7944670139546124
"['nndsvdar', 'mu', 'kullback-leibler', 1, 0.0001, 0.25]",0.7939597315436242,0.7917680505356678
"['nndsvdar', 'mu', 'kullback-leibler', 0.001, 0.1, 0.5]",0.7832214765100671,0.7835687041652185
"['nndsvda', 'mu', 'kullback-leibler', 0.01, 'same', 0.5]",0.7791946308724832,0.7751562687955283
"['nndsvda', 'mu', 'kullback-leibler', 0.01, 0.01, 0.5]",0.7791946308724832,0.7751562687955283
"['nndsvdar', 'mu', 'kullback-leibler', 0.01, 0.01, 0.5]",0.776510067114094,0.7747548408676032
"['nndsvdar', 'mu', 'kullback-leibler', 0.01, 'same', 0.5]",0.776510067114094,0.7747548408676032
"['nndsvdar', 'cd', 'frobenius', 0, 0.001, 1]",0.6718120805369128,0.6158996813199472
"['nndsvd', 'cd', 'frobenius', 0, 0.001, 1]",0.6718120805369128,0.6158996813199472
"['nndsvda', 'cd', 'frobenius', 0, 0.001, 1]",0.6718120805369128,0.6158996813199472
"['nndsvdar', 'mu', 'kullback-leibler', 0.1, 0.001, 0.5]",0.6046979865771812,0.5482301432355418
"['nndsvda', 'mu', 'kullback-leibler', 0.1, 0.001, 0.5]",0.5859060402684564,0.5314661453732782
